SZ000099.stk,中信海直
SZ000532.stk,力合股份
SZ000559.stk,万向钱潮
SZ000939.stk,凯迪生态
SZ000967.stk,上风高科
SZ000973.stk,佛塑科技
SZ002008.stk,大族激光
SZ002016.stk,世荣兆业
SZ002019.stk,亿帆鑫富
SZ002027.stk,七喜控股
SZ002038.stk,双鹭药业
SZ002042.stk,华孚色纺
SZ002049.stk,同方国芯
SZ002110.stk,三钢闽光
SZ002189.stk,利达光电
SZ002224.stk,三力士
SZ002271.stk,东方雨虹
SZ002285.stk,世联行
SZ002294.stk,信立泰
SZ002299.stk,圣农发展
SZ002332.stk,仙琚制药
SZ002355.stk,兴民钢圈
SZ002360.stk,同德化工
SZ002371.stk,七星电子
SZ002384.stk,东山精密
SZ002402.stk,和而泰
SZ002429.stk,兆驰股份
SZ002434.stk,万里扬
SZ002459.stk,天业通联
SZ002473.stk,圣莱达
SZ002505.stk,大康牧业
SZ002549.stk,凯美特气
SZ002580.stk,圣阳股份
SZ002601.stk,佰利联
SZ002603.stk,以岭药业
SZ002611.stk,东方精工
SZ002613.stk,北玻股份
SZ002623.stk,亚玛顿
SZ002655.stk,共达电声
SZ002656.stk,卡奴迪路
SZ002661.stk,克明面业
SZ002675.stk,东诚药
SZ002686.stk,亿利达
SZ002687.stk,乔治白
SZ002713.stk,东易日盛
SZ002718.stk,友邦吊顶
SZ002772.stk,众兴菌业
SZ002785.stk,万里石
SZ300045.stk,华力创通
SZ300048.stk,合康变频
SZ300055.stk,万邦达
SZ300056.stk,三维丝
SZ300102.stk,乾照光电
SZ300112.stk,万讯自控
SZ300133.stk,华策影视
SZ300171.stk,东富龙
SZ300183.stk,东软载波
SZ300216.stk,千山药机
SZ300239.stk,东宝生物
SZ300249.stk,依米康
SZ300250.stk,初灵信息
SZ300254.stk,仟源医药
SZ300266.stk,兴源环境
SZ300268.stk,万福生科
SZ300271.stk,华宇软件
SZ300289.stk,利德曼
SZ300296.stk,利亚德
SZ300298.stk,三诺生物
SZ300326.stk,凯利泰
SZ300333.stk,兆日科技
SZ300352.stk,北信源
SZ300353.stk,东土科技
SZ300388.stk,国祯环保
SZ300400.stk,劲拓股份
SZ300403.stk,地尔汉宇
SZ300415.stk,伊之密
SZ300422.stk,博世科
SZ300450.stk,先导智能
SZ300462.stk,华铭智能
SZ300471.stk,厚普股份
SZ300486.stk,东杰智能
SH600146.stk,商赢环球
SH600178.stk,东安动力
SH600309.stk,万华化学
SH600328.stk,兰太实业
SH600370.stk,三房巷
SH600371.stk,万向德农
SH600433.stk,冠豪高新
SH600448.stk,华纺股份
SH600610.stk,中毅达
SH600636.stk,三爱富
SH600681.stk,万鸿集团
SH600689.stk,上海三毛
SH600696.stk,匹凸匹
SH600843.stk,上工申贝
SH600980.stk,北矿磁材
SH601908.stk,京运通
SH603306.stk,华懋科技
SH603778.stk,乾景园林
SH603936.stk,博敏电子
